<?xml version='1.0'?>
<module>
	<exporttime>2009-03-03 08:18:37</exporttime>
	<name>CustomerPortal</name>
	<label>CustomerPortal</label>
	<parent></parent>
	<type>extension</type>
	<version>1.4</version>
	<dependencies>
		<jo_version>6.0.0rc</jo_version>
		<jo_max_version>7.*</jo_max_version>
	</dependencies>
	<migrations>
		<migration version='1.0'>		
		</migration>
		<migration version='1.1'>		
		</migration>	
	</migrations>
	<tables>
		<table>
			<name>jo_customerportal_fields</name>
			<sql><![CDATA[CREATE TABLE `jo_customerportal_fields` (
	  `tabid` int(19) NOT NULL,
	  `fieldid` int(19) default NULL,
	  `visible` int(1) default NULL
	) ENGINE=InnoDB DEFAULT CHARSET=utf8]]></sql>
		</table>
	</tables>
</module>
