<?xml version='1.0'?>
<schema>
	<tables>
		<table>
			<name>jo_modtracker_basic</name>
			<sql><![CDATA[CREATE TABLE `jo_modtracker_basic` (
  `id` int(20) NOT NULL,
  `crmid` int(20) default NULL,
  `module` varchar(50) default NULL,
  `whodid` int(20) default NULL,
  `changedon` datetime default NULL,
  `status` int(1) default '0',
  PRIMARY KEY  (`id`)
) ENGINE=InnoDB DEFAULT CHARSET=utf8]]></sql>
		</table>
		<table>
			<name>jo_modtracker_tabs</name>
			<sql><![CDATA[CREATE TABLE `jo_modtracker_tabs` (
  `tabid` int(11) NOT NULL,
  `visible` int(11) default '0',
  PRIMARY KEY  (`tabid`)
) ENGINE=InnoDB DEFAULT CHARSET=utf8]]></sql>
		</table>
		<table>
			<name>jo_modtracker_detail</name>
			<sql><![CDATA[CREATE TABLE `jo_modtracker_detail` (
  `id` int(11) default NULL,
  `fieldname` varchar(100) default NULL,
  `prevalue` text,
  `postvalue` text
) ENGINE=InnoDB DEFAULT CHARSET=utf8]]></sql>
		</table>
		<table>
			<name>jo_modtracker_relations</name>
			<sql><![CDATA[CREATE TABLE `jo_modtracker_relations` (
	id INT(19) PRIMARY KEY, 
	targetmodule VARCHAR(100) NOT NULL,
    targetid INT(19) NOT NULL, 
	changedon DATETIME
) ENGINE=InnoDB DEFAULT CHARSET=utf8]]></sql>
		</table>
	</tables>
</schema>
