<?xml version='1.0'?>
<module>
<exporttime>2016-11-14 09:04:24</exporttime>
<name>AddressLookup</name>
<label>Address Lookup</label>
<parent></parent>
<type>extension</type>
<version>1.0</version>
<dependencies>
<vtiger_version>6.0.0</vtiger_version>
<vtiger_max_version>6.*</vtiger_max_version>
</dependencies>
<tables>
</tables>
<customlinks>
<customlink>
<linktype>HEADERSCRIPT</linktype>
<linklabel>Address Autofill</linklabel>
<linkurl><![CDATA[layouts/v7/modules/Settings/AddressLookup/jsresources/AddressLookup.js]]></linkurl>
<linkicon><![CDATA[]]></linkicon>
<sequence>0</sequence>
<handler_path><![CDATA[]]></handler_path>
<handler_class><![CDATA[]]></handler_class>
<handler><![CDATA[]]></handler>
</customlink>
</customlinks>
<crons>
</crons>
</module>
