<?xml version="1.0"?>
<module>
        <type>extension</type>
        <name>PDFMaker</name>
        <label>PDF Maker</label>
        <parent>Tools</parent>
        <version>0.1</version>
        <dependencies>
                <jo_version>6.0.0</jo_version>
                <jo_max_version>6.*</jo_max_version>
        </dependencies>
<tables>
<table>
<name>jo_pdfmaker</name>
<sql><![CDATA[CREATE TABLE `jo_pdfmaker`(
   `pdfmakerid` int(11) NOT NULL,
   `name` varchar(255) NOT NULL,
   `module` varchar(255) NOT NULL,
   `description` text DEFAULT NULL,
   `body` longblob DEFAULT NULL,
   `status` int(2) DEFAULT NULL,
   `settings` text DEFAULT NULL,
   `header` longblob,
   `footer` longblob,
  PRIMARY KEY (`pdfmakerid`)
) ENGINE=InnoDB DEFAULT CHARSET=latin1]]></sql>
</table>
<table>
<name>jo_pdfmaker_seq</name>
<sql><![CDATA[CREATE TABLE `jo_pdfmaker_seq` (
  `id` int(11) NOT NULL
) ENGINE=InnoDB DEFAULT CHARSET=latin1]]></sql>
</table>
</tables>
</module>
