<?xml version='1.0'?>
<module>
<exporttime>2016-08-24 05:21:12</exporttime>
<name>DuplicateCheck</name>
<label>Duplicate Check</label>
<parent></parent>
<type>extension</type>
<version>1.0</version>
<dependencies>
<vtiger_version>6.0.0</vtiger_version>
<vtiger_max_version>6.*</vtiger_max_version>
</dependencies>
<tables>
<table>
<name>vtiger_vtduplicatechecksettings</name>
<sql><![CDATA[CREATE TABLE `vtiger_vtduplicatechecksettings` (
  `id` int(3) NOT NULL AUTO_INCREMENT,
  `modulename` varchar(50) NOT NULL,
  `fieldstomatch` blob,
  `isenabled` int(1) DEFAULT '1',
  `crosscheck` int(1) DEFAULT '0',
  PRIMARY KEY (`id`)
) ENGINE=InnoDB  DEFAULT CHARSET=utf8]]></sql>
</table>
</tables>
<customlinks>
<customlink>
<linktype>HEADERSCRIPT</linktype>
<linklabel>Duplicate Check</linklabel>
<linkurl><![CDATA[layouts/v7/modules/Settings/DuplicateCheck/jsresources/duplicatecheck.js]]></linkurl>
<linkicon><![CDATA[]]></linkicon>
<sequence>0</sequence>
<handler_path><![CDATA[]]></handler_path>
<handler_class><![CDATA[]]></handler_class>
<handler><![CDATA[]]></handler>
</customlink>
<customlink>
<linktype>HEADERSCRIPT</linktype>
<linklabel>Duplicate Check Quick Create</linklabel>
<linkurl><![CDATA[layouts/v7/modules/Settings/DuplicateCheck/jsresources/quickcreateduplicatecheck.js]]></linkurl>
<linkicon><![CDATA[]]></linkicon>
<sequence>0</sequence>
<handler_path><![CDATA[]]></handler_path>
<handler_class><![CDATA[]]></handler_class>
<handler><![CDATA[]]></handler>
</customlink>
</customlinks>
</module>
