<?xml version="1.0"?>
<module>
	<type>language</type>
	<name>Brazilian</name>
	<label>PT Brasil</label>
	<prefix>pt_br</prefix>
	<version>5.4.0</version>
	<dependencies>
		<jo_version>6.0.0rc</jo_version>
		<jo_max_version>7.*</jo_max_version>
	</dependencies>
	<license>
		<inline><![CDATA[
 ********************************************************************************
 * The contents of these file is subject to the vtiger Public License Version 1.0
 * ("License"); You may not use this file except in compliance with the License.
 * Software distributed under the License is distributed on an  "AS IS"  basis,
 * WITHOUT WARRANTY OF ANY KIND, either express or implied. See the License for
 * the specific language governing rights and limitations under the License.
 ********************************************************************************
 *  Language     : Português Brasileiro
 *  Version      : 5.4.0
 *  Author       : TTCA Soluções Ltda | www.ttcasolucoes.com.br
 ********************************************************************************
]]></inline>
	</license>
</module>
